{"cameraMode":{"drawMode":0,"name":"Shaded","section":"Shading Mode"},"sceneLighting":false,"audioPlay":false,"sceneViewState":{"showFog":true,"showMaterialUpdate":false,"showSkybox":true,"showFlares":true,"showImageEffects":true,"showParticleSystems":true},"in2DMode":false,"pivot":{"x":-24.350000381469728,"y":-0.5179996490478516,"z":0.0},"rotation":{"x":0.09765735268592835,"y":0.011346295475959778,"z":-0.0011138396803289652,"w":0.995154857635498},"size":82.46347045898438,"orthographic":false}